name,gender,age,phone,date,paid_amount,debt_amount,total_amount,notes,medical_history
Rawsht Ali,male,,07701042114,2026-08-12,480000,0,480000,"8 visits: [2026-01-07: Ortho Appliance (80,000)] -> [2026-02-18: Ortho Appliance (75,000)] -> [2026-04-02: Ortho Appliance (40,000)] -> [2026-05-07: Ortho Appliance (50,000)] -> [2026-06-11: Remove ortho + Retainer (115,000)] -> [2026-07-21: Retainer (30,000)] -> [2026-07-29: Scaling & polishing (30,000)] -> [2026-08-12: Composite 47,27 (60,000)]",
Rawan,female,,07817279837,2026-06-11,350000,0,350000,"5 visits: [2026-01-07: Ortho Appliance (50,000)] -> [2026-02-18: Ortho Appliance (50,000)] -> [2026-04-02: Ortho Appliance (50,000)] -> [2026-05-07: Ortho Appliance (50,000)] -> [2026-06-11: Remove ortho + Retainer (150,000)]",
Ravyar Baxtyar,male,,07719920267,2026-09-03,315000,0,315000,"5 visits: [2026-06-11: Composite 16,26 + Scaling (40,000)] -> [2026-06-13: Composite 46,36 (50,000)] -> [2026-07-05: Ortho Appliance (125,000)] -> [2026-08-06: Ortho Appliance (50,000)] -> [2026-09-03: Ortho Appliance 14 NiTi (50,000)]",
Walaa,female,,07821057434,2026-09-13,225000,0,225000,"3 visits: [2026-08-04: Composite 45,47 + overlay (125,000)] -> [2026-09-01: Composite 24, onlay scan 25 (50,000)] -> [2026-09-13: Emax Overlay (50,000)]",
Mhamad ICQ,male,,07708601695,2026-06-17,210000,0,210000,"3 visits: [2026-06-13: Composite 16 + Scaling (50,000)] -> [2026-06-14: Composite 27,16,17,36,37 (100,000)] -> [2026-06-17: Composite 11,12,21,32 (60,000)]",
Shnyar,female,,,2026-03-11,190000,0,190000,"5 visits (Instagram): [2026-02-01: Composite 36,37 (40,000)] -> [2026-02-02: Composite 46,47 (40,000)] -> [2026-02-03: Composite 17,24,25,26,27 (80,000)] -> [2026-02-04: Composite 12,13,22,45,46 distally (30,000)] -> [2026-03-11: Composite class 2 46 (0)]",
Yahya,male,,07510484945,2026-06-01,180000,0,180000,"5 visits: [2026-03-17: RCT 25 (30,000)] -> [2026-03-29: Final composite filling (50,000)] -> [2026-04-09: Composite 16,17 (75,000)] -> [2026-04-29: Composite 27,44 (25,000)] -> [2026-06-01: Obturation + composite 25 (0)]",
Dayky Lazyar,female,,07719920267,2026-09-16,175000,0,175000,"4 visits: [2026-01-15: Pulp Extirpation 45 (100,000)] -> [2026-03-29: Exo 44 (0)] -> [2026-09-12: Denture (25,000)] -> [2026-09-16: Delivery (50,000)]",
Mahir Hussain,male,,07728391000,2026-09-01,175000,0,175000,"2 visits: [2026-08-26: Zirconia Crown 26 (150,000)] -> [2026-09-01: Scaling & polishing (25,000)]",
Sonya,female,,07700811992,2026-02-23,145000,0,145000,"4 visits: [2026-02-14: Exo 18 (25,000)] -> [2026-02-15: Composite 47 (35,000)] -> [2026-02-16: Composite 35,37 (60,000)] -> [2026-02-23: Exo 28 with root fracture (25,000)]",
Sherdin,male,,07701456764,2026-06-27,100000,0,100000,"2 visits: [2026-06-24: Composite 16,26 (50,000)] -> [2026-06-27: Composite 26,36 (50,000)]",
May,female,,07801323620,2026-03-10,90000,0,90000,"2 visits: [2026-03-01: Endo first visit 46 (50,000)] -> [2026-03-10: Obturation & filling 46 (40,000)]",
Haval,male,,07701895826,2026-05-10,80000,0,80000,"2 visits: [2026-05-03: Composite 38 (35,000)] -> [2026-05-10: Scaling, composite 16 (45,000)]",
Maily,female,,07703188818,2026-09-19,65000,0,65000,"3 visits: [2026-02-25: Filling RE (20,000)] -> [2026-05-18: Composite D, E upper left (30,000)] -> [2026-09-19: Upper left E (15,000)]",
Mustafa Shirwan,male,,07705878877,2026-05-17,60000,0,60000,"2 visits: [2026-03-07: Scaling & polishing (30,000)] -> [2026-05-17: Scaling & polishing (30,000)]",
Shahla,female,,07708568955,2026-06-09,60000,0,60000,"2 visits: [2026-06-01: Composite 33 (25,000)] -> [2026-06-09: Composite 36,37 (35,000)]",
Sima,female,,07709881000,2026-01-27,55000,0,55000,"2 visits: [2026-01-20: Composite A3 tooth 45 (25,000)] -> [2026-01-27: Composite 46 mesial (30,000)]",
Abo Malak,male,,07712197612,2026-07-12,50000,0,50000,"2 visits: [2026-07-08: Composite 35 (25,000)] -> [2026-07-12: Composite 36 (25,000)]",
Ahmad Albayaty,male,,07704505787,2026-02-19,45000,0,45000,"2 visits: [2026-02-19: Composite 17 (35,000)] -> [2026-02-19: Son Examination (10,000)]",
Sara Wissam,female,,07700542021,2026-01-27,45000,0,45000,Composite filling 12 + scaling polishing,
Robin Friend,male,,07761522918,2026-09-16,40000,0,40000,Scaling and polishing,
Hastyar Baxtyar,male,,07702166035,2026-07-15,40000,0,40000,"2 visits: [2026-06-18: Scaling (25,000)] -> [2026-07-15: Exo 36 (15,000)]",
Shankan,female,,07700395405,2026-01-28,40000,0,40000,Emax Crowns Cementation,
Renald,male,,00963938921170,2026-08-24,40000,0,40000,Composite Filling 22 & Scaling Polishing,
Rebaz,male,,07732645636,2026-01-13,35000,0,35000,Scaling and polishing and xrays,
Hiba,female,,07801323620,2026-02-12,35000,0,35000,Composite filling 27,
Salam,male,,,2026-06-03,35000,0,35000,Scaling and polishing,
Ziad,male,,,2026-08-11,35000,0,35000,Composite Filling 36,
Sonya Abdulla,female,,,2026-09-01,35000,0,35000,Composite Filling 15,
Rawsht Friend,male,,,2026-09-09,35000,0,35000,Scaling and polishing,
Female Patient,female,,,2026-04-21,35000,0,35000,"Composite 31, 41 (Hero)",
Havrest Salam,male,,,2026-07-11,65000,0,65000,"Composite Filling 26, Scaling and Polishing",
Maryam,female,,,2026-07-06,30000,0,30000,Composite Filling,
Male Patient,male,,,2026-07-20,30000,0,30000,Composite Filling 25,
Hama,male,,07708181865,2026-01-07,25000,0,25000,"Filling 42, 43",
Mhamad Soory,male,,07771506553,2026-01-19,25000,0,25000,Scaling and polishing and xrays,
Girl,female,,07702103788,2026-01-24,25000,0,25000,Composite Filling D,
Abu Rawan,male,,07817279837,2026-02-18,25000,0,25000,Exo 17,
Multy,male,,07507481693,2026-02-03,25000,0,25000,Composite filling 37,
Waffa,female,,07741528382,2026-04-14,25000,0,25000,Scaling and polishing,
Ali Talib,male,,07741528382,2026-04-14,25000,0,25000,Scaling and polishing,
Dayky Shnyar,female,,07708022771,2026-04-18,25000,0,25000,Scaling and polishing,
Fouad,male,,015906666806,2026-04-27,25000,0,25000,Composite filling 17,
Dr Aso Patient,male,,,2026-05-07,25000,0,25000,Check Up,
Robin,male,,07761522918,2026-09-17,25000,0,25000,Exo 16,
Shawbo,female,,07709190906,2026-01-06,20000,0,20000,Exo 24,
Omar Noraldin,male,,07701956411,2026-08-03,20000,0,20000,"2 visits: [2026-07-29: Exo 27 (20,000)] -> [2026-08-03: Endo first visit 24 (0)]",
Wrood Wissam,female,,07700542021,2026-03-28,15000,0,15000,Exo 16,
Amr,male,,,2026-07-15,15000,0,15000,Exo 27,
Yonis,male,,07726697659,2026-09-16,15000,0,15000,Exo 28,
Shayma,female,,,2026-02-03,10000,0,10000,Examination,
Saif,male,,07708625338,2026-02-22,10000,0,10000,Exo 16,
Wahab,male,,07722141503,2026-02-22,10000,0,10000,Examination,
Dayky Wahab,female,,07722141503,2026-02-22,10000,0,10000,Examination,
Kchy Mustafa Nashwan,female,,07702103788,2026-04-11,10000,0,10000,"Composite filling D (Hero)",
Areen Nashwan,male,,07702103788,2026-05-04,10000,0,10000,Exo A and high spot removal of d and xray for d,
Osama,male,,07818116658,2026-05-10,10000,0,10000,Check Up,
Rawan Sister,female,,07817279837,2026-04-16,50000,0,50000,"Composite filling 36, 37",
Ruxosh Rashid,female,,,2026-08-23,50000,0,50000,Temporary Overlay,
Gona,female,,,2026-09-09,12500,0,12500,Extraction 46,
Soma,female,,07708938744,2026-09-09,12500,0,12500,Extraction 15,
Hoshang,male,,07700511300,2026-01-19,5000,0,5000,Scaling and polishing 4 teeth lower,
Najmadeen Kareem,male,,07730576995,2026-06-01,0,0,0,Check Up,
